id,created_at,updated_at,deleted_at,name,vehicle_make_id,vehicle_type_id,code,vehicle_utility_id
2,2025-06-26 19:27:28,2025-06-26 19:27:28,,Sportage,20,2,,
4,2025-06-27 08:46:01,2025-06-27 08:46:01,,STAR 5 VAN,91,10,,
5,2025-06-27 08:49:10,2025-06-27 08:50:05,,XC40,36,2,,
1,2025-06-26 18:56:03,2025-07-03 12:28:05,,MDX,1,2,4,
3,2025-06-26 18:56:03,2025-07-03 12:28:05,,T L,1,1,6,
6,2025-06-26 18:56:03,2025-07-03 12:28:05,,RDX,1,2,5,
7,2025-06-26 18:56:03,2025-07-03 12:28:05,,TSX,1,1,7,
8,2025-06-26 18:56:03,2025-07-03 12:28:05,,LEGEND,1,1,3,
13,2025-06-26 18:56:03,2025-07-03 12:28:05,,INTEGRA,1,1,2,
36,2025-06-26 18:56:03,2025-07-03 12:28:05,,CONTINENTAL,3,1,24,
39,2025-06-26 18:56:03,2025-07-03 12:28:05,,X6,4,2,660,
40,2025-06-26 18:56:03,2025-07-03 12:28:05,,X5,4,2,641,
47,2025-06-26 18:56:03,2025-07-03 12:28:05,,525I,4,1,606,
70,2025-06-26 18:56:03,2025-07-03 12:28:05,,320I,4,1,603,
88,2025-06-26 18:56:03,2025-07-03 12:28:05,,328I,4,1,605,
109,2025-06-26 18:56:03,2025-07-03 12:28:05,,ESCALADE,5,2,43,
113,2025-06-26 18:56:03,2025-07-03 12:28:05,,CTS,5,1,41,
119,2025-06-26 18:56:03,2025-07-03 12:28:05,,DE VILLE,5,1,42,
122,2025-06-26 18:56:03,2025-07-03 12:28:05,,CORVETTE,6,1,59,
424,2025-06-26 18:56:03,2025-07-03 12:28:05,,HD 65,15,9,648,
1601,2025-06-26 18:57:33,2025-07-03 12:28:06,,TOWN  COUNTRY,7,6,87,
1602,2025-06-26 18:57:33,2025-07-03 12:28:06,,DS3,8,1,89,
123,2025-06-26 18:56:03,2025-07-03 12:28:05,,SUBURBAN,6,2,72,
124,2025-06-26 18:56:03,2025-07-03 12:28:05,,TAHOE,6,2,73,
131,2025-06-26 18:56:03,2025-07-03 12:28:05,,CAMARO,6,1,51,
132,2025-06-26 18:56:03,2025-07-03 12:28:05,,TRAIL BLAZER,6,2,75,
133,2025-06-26 18:56:03,2025-07-03 12:28:05,,TRAVERSE,6,2,76,
135,2025-06-26 18:56:03,2025-07-03 12:28:05,,COLORADO,6,4,58,
137,2025-06-26 18:56:03,2025-07-03 12:28:05,,EQUINOX,6,2,62,
138,2025-06-26 18:56:03,2025-07-03 12:28:05,,TRAX,6,2,77,
139,2025-06-26 18:56:03,2025-07-03 12:28:05,,TRACKER,6,2,74,
141,2025-06-26 18:56:03,2025-07-03 12:28:05,,CRUZE,6,1,60,
144,2025-06-26 18:56:03,2025-07-03 12:28:05,,CAPTIVA,6,2,53,
145,2025-06-26 18:56:03,2025-07-03 12:28:05,,IMPALA,6,1,65,
147,2025-06-26 18:56:03,2025-07-03 12:28:05,,EXPRESS,6,10,63,
151,2025-06-26 18:56:03,2025-07-03 12:28:05,,N300,6,6,645,
153,2025-06-26 18:56:03,2025-07-03 12:28:05,,AVEO,6,1,49,
155,2025-06-26 18:56:03,2025-07-03 12:28:05,,SPARK,6,1,71,
156,2025-06-26 18:56:03,2025-07-03 12:28:05,,SONIC,6,1,610,
159,2025-06-26 18:56:03,2025-07-03 12:28:05,,CMV,6,1,56,
160,2025-06-26 18:56:03,2025-07-03 12:28:05,,BLAZER,6,2,50,
161,2025-06-26 18:56:03,2025-07-03 12:28:05,,EPICA,6,1,61,
164,2025-06-26 18:56:03,2025-07-03 12:28:05,,HHR,6,1,64,
165,2025-06-26 18:56:03,2025-07-03 12:28:05,,OPTRA,6,1,48,
166,2025-06-26 18:56:03,2025-07-03 12:28:05,,UPLANDER,6,6,78,
168,2025-06-26 18:56:03,2025-07-03 12:28:05,,CAVALIER,6,1,54,
174,2025-06-26 18:56:03,2025-07-03 12:28:05,,COBALT,6,1,57,
175,2025-06-26 18:56:03,2025-07-03 12:28:05,,CMP,6,1,55,
180,2025-06-26 18:56:03,2025-07-03 12:28:05,,ASTRA,6,1,47,
189,2025-06-26 18:56:03,2025-07-03 12:28:05,,NOVA,6,1,67,
191,2025-06-26 18:56:03,2025-07-03 12:28:05,,300,7,1,80,
195,2025-06-26 18:56:03,2025-07-03 12:28:05,,ASPEN,7,2,82,
199,2025-06-26 18:56:03,2025-07-03 12:28:05,,PACIFICA,7,6,83,
222,2025-06-26 18:56:03,2025-07-03 12:28:05,,DELTA,9,5,528,
223,2025-06-26 18:56:03,2025-07-03 12:28:05,,TERIOS,9,2,100,
227,2025-06-26 18:56:03,2025-07-03 12:28:05,,SIRION,9,1,97,
229,2025-06-26 18:56:03,2025-07-03 12:28:05,,YRV,9,1,101,
230,2025-06-26 18:56:03,2025-07-03 12:28:05,,STORIA,9,1,99,
232,2025-06-26 18:56:03,2025-07-03 12:28:05,,BOOM,9,1,93,
233,2025-06-26 18:56:03,2025-07-03 12:28:05,,MIRA,9,1,96,
235,2025-06-26 18:56:03,2025-07-03 12:28:05,,CHARADE,9,1,94,
239,2025-06-26 18:56:03,2025-07-03 12:28:05,,CHALLENGER,10,1,109,
242,2025-06-26 18:56:03,2025-07-03 12:28:05,,DURANGO,10,2,112,
245,2025-06-26 18:56:03,2025-07-03 12:28:05,,CHARGER,10,1,110,
246,2025-06-26 18:56:03,2025-07-03 12:28:05,,CARAVAN,10,6,108,
247,2025-06-26 18:56:03,2025-07-03 12:28:05,,GRAND CARAVAN,10,6,113,
248,2025-06-26 18:56:03,2025-07-03 12:28:05,,JOURNEY,10,2,114,
251,2025-06-26 18:56:03,2025-07-03 12:28:05,,DAKOTA,10,4,111,
252,2025-06-26 18:56:03,2025-07-03 12:28:05,,CALIBER,10,1,106,
253,2025-06-26 18:56:03,2025-07-03 12:28:05,,NITRO,10,2,117,
257,2025-06-26 18:56:03,2025-07-03 12:28:05,,DART,10,1,584,
258,2025-06-26 18:56:03,2025-07-03 12:28:05,,MAGNUM,10,1,115,
263,2025-06-26 18:56:03,2025-07-03 12:28:05,,NEON,10,1,116,
266,2025-06-26 18:56:03,2025-07-03 12:28:05,,STRATUS,10,1,119,
268,2025-06-26 18:56:03,2025-07-03 12:28:05,,500,11,1,129,
273,2025-06-26 18:56:03,2025-07-03 12:28:05,,PALIO,11,1,133,
274,2025-06-26 18:56:03,2025-07-03 12:28:05,,DOBLO,11,5,131,
276,2025-06-26 18:56:03,2025-07-03 12:28:05,,FIORINO,11,5,132,
277,2025-06-26 18:56:03,2025-07-03 12:28:05,,CROMA,11,1,130,
290,2025-06-26 18:56:03,2025-07-03 12:28:05,,F-150,12,4,148,
291,2025-06-26 18:56:03,2025-07-03 12:28:05,,EXPEDITION,12,2,146,
292,2025-06-26 18:56:03,2025-07-03 12:28:05,,MUSTANG,12,1,157,
293,2025-06-26 18:56:03,2025-07-03 12:28:05,,EXPLORER,12,2,147,
294,2025-06-26 18:56:03,2025-07-03 12:28:05,,EVEREST,12,2,144,
295,2025-06-26 18:56:03,2025-07-03 12:28:05,,F-450,12,3,151,
296,2025-06-26 18:56:03,2025-07-03 12:28:05,,F 350,12,4,150,
299,2025-06-26 18:56:03,2025-07-03 12:28:05,,F 250,12,4,149,
301,2025-06-26 18:56:03,2025-07-03 12:28:05,,EDGE,12,2,142,
302,2025-06-26 18:56:03,2025-07-03 12:28:05,,RANGER,12,4,158,
303,2025-06-26 18:56:03,2025-07-03 12:28:05,,TAURUS,12,1,159,
304,2025-06-26 18:56:03,2025-07-03 12:28:05,,TRANSIT,12,10,160,
307,2025-06-26 18:56:03,2025-07-03 12:28:05,,ESCAPE,12,2,143,
343,2025-06-26 18:56:03,2025-07-03 12:28:05,,YUKON,13,2,167,
344,2025-06-26 18:56:03,2025-07-03 12:28:05,,ACADIA,13,2,162,
367,2025-06-26 18:56:03,2025-07-03 12:28:05,,CIVIC,14,1,171,
368,2025-06-26 18:56:03,2025-07-03 12:28:05,,ODYSSEY,14,6,179,
369,2025-06-26 18:56:03,2025-07-03 12:28:05,,ACCORD,14,1,168,
370,2025-06-26 18:56:03,2025-07-03 12:28:05,,PILOT,14,2,180,
371,2025-06-26 18:56:03,2025-07-03 12:28:05,,CR-V,14,2,173,
372,2025-06-26 18:56:03,2025-07-03 12:28:05,,RIDGELINE,14,4,181,
373,2025-06-26 18:56:03,2025-07-03 12:28:05,,CROSS-TOUR,14,2,172,
374,2025-06-26 18:56:03,2025-07-03 12:28:05,,HR-V,14,2,614,
375,2025-06-26 18:56:03,2025-07-03 12:28:05,,CITY,14,1,587,
376,2025-06-26 18:56:03,2025-07-03 12:28:05,,FIT,14,1,547,
378,2025-06-26 18:56:03,2025-07-03 12:28:05,,LEGEND,14,1,177,
384,2025-06-26 18:56:03,2025-07-03 12:28:05,,ELEMENT,14,2,174,
386,2025-06-26 18:56:03,2025-07-03 12:28:05,,LOGO,14,1,178,
391,2025-06-26 18:56:03,2025-07-03 12:28:05,,FIT ARIA,14,1,521,
394,2025-06-26 18:56:03,2025-07-03 12:28:05,,STREAM,14,6,182,
398,2025-06-26 18:56:03,2025-07-03 12:28:05,,CAPA,14,1,170,
399,2025-06-26 18:56:03,2025-07-03 12:28:05,,ACTY,14,5,169,
413,2025-06-26 18:56:03,2025-07-03 12:28:05,,COUNTY,15,7,189,
414,2025-06-26 18:56:03,2025-07-03 12:28:05,,GENESIS,15,1,193,
416,2025-06-26 18:56:03,2025-07-03 12:28:05,,SANTA FE,15,2,199,
419,2025-06-26 18:56:03,2025-07-03 12:28:05,,AZERA,15,1,188,
422,2025-06-26 18:56:03,2025-07-03 12:28:05,,H-1,15,10,195,
426,2025-06-26 18:56:03,2025-07-03 12:28:05,,VERACRUZ,15,2,206,
427,2025-06-26 18:56:03,2025-07-03 12:28:05,,TQ,15,9,203,
428,2025-06-26 18:56:03,2025-07-03 12:28:05,,TUCSON,15,2,204,
432,2025-06-26 18:56:03,2025-07-03 12:28:05,,HD50,15,9,617,
433,2025-06-26 18:56:03,2025-07-03 12:28:05,,SONATA Y20,15,1,546,
434,2025-06-26 18:56:03,2025-07-03 12:28:05,,PORTER,15,5,619,
435,2025-06-26 18:56:03,2025-07-03 12:28:05,,ELANTRA,15,1,190,
436,2025-06-26 18:56:03,2025-07-03 12:28:05,,GRANDEUR,15,1,194,
437,2025-06-26 18:56:03,2025-07-03 12:28:05,,H-100,15,5,196,
438,2025-06-26 18:56:03,2025-07-03 12:28:05,,VELOSTER,15,1,205,
440,2025-06-26 18:56:03,2025-07-03 12:28:05,,CANTUS,15,1,616,
441,2025-06-26 18:56:03,2025-07-03 12:28:05,,STAREX,15,10,201,
444,2025-06-26 18:56:03,2025-07-03 12:28:05,,ACCENT,15,1,186,
446,2025-06-26 18:56:03,2025-07-03 12:28:05,,TERRACAN,15,2,202,
447,2025-06-26 18:56:03,2025-07-03 12:28:05,,AVANTE,15,1,563,
448,2025-06-26 18:56:03,2025-07-03 12:28:05,,GRAND I 10,15,1,647,
449,2025-06-26 18:56:04,2025-07-03 12:28:05,,I 10,15,1,197,
450,2025-06-26 18:56:04,2025-07-03 12:28:05,,I30,15,1,618,
452,2025-06-26 18:56:04,2025-07-03 12:28:05,,MATRIX,15,1,198,
456,2025-06-26 18:56:04,2025-07-03 12:28:05,,ENTOURAGE,15,6,191,
457,2025-06-26 18:56:04,2025-07-03 12:28:05,,GALLOPER,15,2,192,
472,2025-06-26 18:56:04,2025-07-03 12:28:05,,FX 35,16,2,208,
473,2025-06-26 18:56:04,2025-07-03 12:28:05,,QX 56,16,2,215,
477,2025-06-26 18:56:04,2025-07-03 12:28:05,,G-37,16,1,213,
478,2025-06-26 18:56:04,2025-07-03 12:28:05,,EX-35,16,2,207,
485,2025-06-26 18:56:04,2025-07-03 12:28:05,,FX-50,16,2,210,
486,2025-06-26 18:56:04,2025-07-03 12:28:05,,G  35,16,1,211,
488,2025-06-26 18:56:04,2025-07-03 12:28:05,,FX45,16,2,209,
490,2025-06-26 18:56:04,2025-07-03 12:28:05,,G 35X,16,1,212,
493,2025-06-26 18:56:04,2025-07-03 12:28:05,,QX4,16,2,216,
497,2025-06-26 18:56:04,2025-07-03 12:28:05,,NPR,17,9,623,
499,2025-06-26 18:56:04,2025-07-03 12:28:05,,NQR,17,9,649,
500,2025-06-26 18:56:04,2025-07-03 12:28:05,,D-MAX,17,4,219,
530,2025-06-26 18:56:04,2025-07-03 12:28:05,,KB,17,4,221,
531,2025-06-26 18:56:04,2025-07-03 12:28:05,,AXIOM,17,2,217,
536,2025-06-26 18:56:04,2025-07-03 12:28:05,,RODEO,17,2,222,
541,2025-06-26 18:56:04,2025-07-03 12:28:05,,I-280,17,4,220,
549,2025-06-26 18:56:04,2025-07-03 12:28:05,,XJ8,18,1,225,
552,2025-06-26 18:56:04,2025-07-03 12:28:05,,XKR,18,1,227,
554,2025-06-26 18:56:04,2025-07-03 12:28:05,,XK8,18,1,226,
555,2025-06-26 18:56:04,2025-07-03 12:28:05,,XF,18,1,224,
557,2025-06-26 18:56:04,2025-07-03 12:28:05,,S-TYPE,18,1,223,
558,2025-06-26 18:56:04,2025-07-03 12:28:05,,X-TYPE,18,1,229,
562,2025-06-26 18:56:04,2025-07-03 12:28:05,,GRAND CHEROKEE,19,2,232,
563,2025-06-26 18:57:25,2025-07-03 12:28:05,,WRANGLER,19,2,238,
564,2025-06-26 18:57:25,2025-07-03 12:28:05,,CHEROKEE,19,2,230,
566,2025-06-26 18:57:25,2025-07-03 12:28:05,,COMPASS,19,2,231,
567,2025-06-26 18:57:25,2025-07-03 12:28:05,,LIBERTY,19,2,233,
568,2025-06-26 18:57:25,2025-07-03 12:28:05,,PATRIOT,19,2,234,
571,2025-06-26 18:57:25,2025-07-03 12:28:05,,COMMANDER,19,2,522,
574,2025-07-03 12:28:05,2025-07-03 12:28:05,,CARNIVAL,20,1,244,
575,2025-07-03 12:28:05,2025-07-03 12:28:05,,SEDONA,20,1,254,
577,2025-07-03 12:28:05,2025-07-03 12:28:05,,SORENTO,20,1,255,
578,2025-07-03 12:28:05,2025-07-03 12:28:05,,SPORTAGE,20,1,258,
579,2025-07-03 12:28:05,2025-07-03 12:28:05,,PREGIO,20,1,251,
580,2025-07-03 12:28:05,2025-07-03 12:28:05,,CADENZA,20,1,242,
581,2025-07-03 12:28:05,2025-07-03 12:28:05,,K2700,20,1,626,
582,2025-07-03 12:28:05,2025-07-03 12:28:05,,SOUL,20,1,721,
583,2025-07-03 12:28:05,2025-07-03 12:28:05,,CERATO,20,1,245,
584,2025-07-03 12:28:05,2025-07-03 12:28:05,,SPECTRA,20,1,257,
585,2025-07-03 12:28:05,2025-07-03 12:28:05,,LOTZE,20,1,248,
586,2025-07-03 12:28:05,2025-07-03 12:28:05,,K-7 AMERICANO,20,1,567,
587,2025-07-03 12:28:05,2025-07-03 12:28:05,,RIO,20,1,252,
589,2025-07-03 12:28:05,2025-07-03 12:28:05,,OPTIMA,20,1,249,
590,2025-07-03 12:28:05,2025-07-03 12:28:05,,K5,20,1,659,
591,2025-07-03 12:28:05,2025-07-03 12:28:05,,FORTE,20,1,577,
592,2025-07-03 12:28:05,2025-07-03 12:28:05,,CARENS,20,1,243,
593,2025-07-03 12:28:05,2025-07-03 12:28:05,,PICANTO,20,1,250,
594,2025-07-03 12:28:05,2025-07-03 12:28:05,,RONDO,20,1,253,
595,2025-07-03 12:28:05,2025-07-03 12:28:05,,BONGO,20,1,241,
597,2025-07-03 12:28:05,2025-07-03 12:28:05,,MORNING,20,1,573,
613,2025-06-26 18:57:25,2025-07-03 12:28:05,,RANGE ROVER,21,2,259,
615,2025-06-26 18:57:25,2025-07-03 12:28:05,,DISCOVERY,21,2,689,
624,2025-06-26 18:57:25,2025-07-03 12:28:05,,LX 570,22,2,650,
627,2025-06-26 18:57:25,2025-07-03 12:28:05,,RX 350,22,2,651,
636,2025-06-26 18:57:25,2025-07-03 12:28:05,,IS 350,22,1,716,
643,2025-06-26 18:57:25,2025-07-03 12:28:05,,IS F,22,1,264,
646,2025-06-26 18:57:25,2025-07-03 12:28:05,,IS 250,22,1,628,
659,2025-06-26 18:57:25,2025-07-03 12:28:05,,NAVIGATOR,23,2,272,
660,2025-06-26 18:57:25,2025-07-03 12:28:05,,TOWN CAR,23,1,273,
666,2025-06-26 18:57:25,2025-07-03 12:28:05,,AVIATOR,23,2,270,
669,2025-06-26 18:57:25,2025-07-03 12:28:05,,DEMIO,24,1,290,
670,2025-06-26 18:57:25,2025-07-03 12:28:05,,CX-9,24,2,289,
671,2025-06-26 18:57:25,2025-07-03 12:28:05,,6,24,1,281,
672,2025-06-26 18:57:25,2025-07-03 12:28:05,,CX -5,24,2,287,
673,2025-06-26 18:57:25,2025-07-03 12:28:05,,BT-50,24,4,286,
674,2025-06-26 18:57:25,2025-07-03 12:28:05,,CX-7,24,2,288,
675,2025-06-26 18:57:25,2025-07-03 12:28:05,,CX-3,24,2,675,
676,2025-06-26 18:57:25,2025-07-03 12:28:05,,3,24,1,278,
678,2025-06-26 18:57:25,2025-07-03 12:28:05,,5,24,6,280,
679,2025-06-26 18:57:25,2025-07-03 12:28:05,,RX8,24,1,294,
680,2025-06-26 18:57:25,2025-07-03 12:28:05,,626,24,1,282,
682,2025-06-26 18:57:25,2025-07-03 12:28:05,,2,24,1,277,
685,2025-06-26 18:57:25,2025-07-03 12:28:05,,RX-7,24,1,293,
687,2025-06-26 18:57:25,2025-07-03 12:28:05,,TRIBUTE,24,2,295,
689,2025-06-26 18:57:25,2025-07-03 12:28:05,,B2900,24,4,284,
694,2025-06-26 18:57:25,2025-07-03 12:28:05,,BONGO,24,10,285,
695,2025-06-26 18:57:25,2025-07-03 12:28:05,,VERISA,24,1,296,
696,2025-06-26 18:57:25,2025-07-03 12:28:05,,323,24,1,279,
697,2025-06-26 18:57:25,2025-07-03 12:28:05,,AXELA,24,1,598,
700,2025-06-26 18:57:25,2025-07-03 12:28:05,,PROTEGE,24,1,292,
701,2025-06-26 18:57:25,2025-07-03 12:28:05,,MILLENIUS,24,1,291,
706,2025-06-26 18:57:25,2025-07-03 12:28:05,,FAMILIA,24,1,676,
715,2025-06-26 18:57:25,2025-07-03 12:28:05,,ML350,25,2,688,
741,2025-06-26 18:57:25,2025-07-03 12:28:05,,E63 AMG,25,1,631,
752,2025-06-26 18:57:25,2025-07-03 12:28:05,,E-300,25,1,599,
754,2025-06-26 18:57:25,2025-07-03 12:28:05,,C-300,25,1,630,
756,2025-06-26 18:57:25,2025-07-03 12:28:05,,SPRINTER,25,10,316,
773,2025-06-26 18:57:25,2025-07-03 12:28:05,,ML-300,25,2,715,
790,2025-06-26 18:57:25,2025-07-03 12:28:05,,C250,25,1,737,
800,2025-06-26 18:57:25,2025-07-03 12:28:05,,O500,25,7,653,
813,2025-06-26 18:57:25,2025-07-03 12:28:05,,C-180,25,1,629,
816,2025-06-26 18:57:25,2025-07-03 12:28:05,,CLASE S,25,1,311,
860,2025-06-26 18:57:25,2025-07-03 12:28:05,,CLASE CLK,25,1,303,
862,2025-06-26 18:57:25,2025-07-03 12:28:05,,CLASE CL,25,1,301,
886,2025-06-26 18:57:25,2025-07-03 12:28:05,,CLASE C,25,1,300,
889,2025-06-26 18:57:25,2025-07-03 12:28:05,,SMART,25,1,315,
898,2025-06-26 18:57:25,2025-07-03 12:28:05,,COOPER,26,1,327,
901,2025-06-26 18:57:25,2025-07-03 12:28:05,,ROSA,27,12,655,
902,2025-06-26 18:57:25,2025-07-03 12:28:05,,FUSO,27,9,633,
907,2025-06-26 18:57:25,2025-07-03 12:28:05,,MONTERO,27,2,341,
908,2025-06-26 18:57:25,2025-07-03 12:28:05,,PAJERO,27,2,345,
909,2025-06-26 18:57:25,2025-07-03 12:28:05,,L200,27,4,338,
911,2025-06-26 18:57:25,2025-07-03 12:28:05,,NATIVA,27,2,343,
912,2025-06-26 18:57:25,2025-07-03 12:28:05,,CANTER,27,9,654,
914,2025-06-26 18:57:25,2025-07-03 12:28:05,,OUTLANDER,27,2,344,
920,2025-06-26 18:57:25,2025-07-03 12:28:05,,ASX,27,2,328,
921,2025-06-26 18:57:25,2025-07-03 12:28:05,,GALANT,27,1,335,
922,2025-06-26 18:57:25,2025-07-03 12:28:05,,LANCER EVOLUTION,27,1,697,
924,2025-06-26 18:57:25,2025-07-03 12:28:05,,MONTERO SPORT,27,2,342,
925,2025-06-26 18:57:25,2025-07-03 12:28:05,,L 300,27,10,339,
926,2025-06-26 18:57:25,2025-07-03 12:28:05,,ZINGER,27,6,348,
927,2025-06-26 18:57:25,2025-07-03 12:28:05,,MIRAGE,27,1,600,
931,2025-06-26 18:57:25,2025-07-03 12:28:05,,LANCER,27,1,340,
932,2025-06-26 18:57:25,2025-07-03 12:28:05,,ENDEAVOR,27,2,333,
933,2025-06-26 18:57:25,2025-07-03 12:28:05,,GRANDIS,27,6,336,
934,2025-06-26 18:57:25,2025-07-03 12:28:05,,RAIDER,27,4,346,
935,2025-06-26 18:57:25,2025-07-03 12:28:05,,ECLIPSE,27,1,332,
936,2025-06-26 18:57:25,2025-07-03 12:28:05,,CHALLENGER,27,2,329,
938,2025-06-26 18:57:25,2025-07-03 12:28:05,,CHARIOT,27,6,330,
942,2025-06-26 18:57:25,2025-07-03 12:28:05,,COLT,27,1,331,
950,2025-06-26 18:57:25,2025-07-03 12:28:05,,SEDIA,27,1,347,
952,2025-06-26 18:57:25,2025-07-03 12:28:05,,PATROL,28,2,370,
953,2025-06-26 18:57:25,2025-07-03 12:28:05,,GT-R,28,1,361,
955,2025-06-26 18:57:25,2025-07-03 12:28:05,,TITAN,28,4,382,
959,2025-06-26 18:57:25,2025-07-03 12:28:05,,ARMADA,28,2,355,
960,2025-06-26 18:57:25,2025-07-03 12:28:05,,SKYLINE,28,1,378,
961,2025-06-26 18:57:25,2025-07-03 12:28:05,,MURANO,28,2,366,
963,2025-06-26 18:57:25,2025-07-03 12:28:05,,FRONTIER,28,4,360,
967,2025-06-26 18:57:25,2025-07-03 12:28:05,,MAXIMA,28,1,364,
968,2025-06-26 18:57:25,2025-07-03 12:28:05,,PATHFINDER,28,2,369,
969,2025-06-26 18:57:25,2025-07-03 12:28:05,,NAVARA,28,4,367,
970,2025-06-26 18:57:25,2025-07-03 12:28:05,,URVAN,28,10,383,
971,2025-06-26 18:57:25,2025-07-03 12:28:05,,370 Z,28,1,350,
972,2025-06-26 18:57:25,2025-07-03 12:28:05,,X-TRAIL,28,2,387,
974,2025-06-26 18:57:25,2025-07-03 12:28:05,,ALTIMA,28,1,354,
975,2025-06-26 18:57:25,2025-07-03 12:28:05,,XTERRA,28,2,386,
976,2025-06-26 18:57:25,2025-07-03 12:28:05,,ROGUE,28,2,376,
977,2025-06-26 18:57:25,2025-07-03 12:28:05,,350 Z,28,1,349,
978,2025-06-26 18:57:25,2025-07-03 12:28:05,,D 22,28,4,359,
979,2025-06-26 18:57:25,2025-07-03 12:28:05,,SENTRA,28,1,377,
980,2025-06-26 18:57:25,2025-07-03 12:28:05,,QASHQAI,28,2,373,
981,2025-06-26 18:57:25,2025-07-03 12:28:05,,KICKS,28,2,580,
983,2025-06-26 18:57:25,2025-07-03 12:28:05,,JUKE,28,2,362,
987,2025-06-26 18:57:25,2025-07-03 12:28:05,,QUEST,28,6,374,
989,2025-06-26 18:57:25,2025-07-03 12:28:05,,VERSA,28,1,385,
990,2025-06-26 18:57:25,2025-07-03 12:28:05,,CABSTAR,28,9,635,
991,2025-06-26 18:57:25,2025-07-03 12:28:05,,D 21,28,4,358,
993,2025-06-26 18:57:25,2025-07-03 12:28:05,,NOTE,28,1,368,
995,2025-06-26 18:57:25,2025-07-03 12:28:05,,TEANA,28,1,379,
998,2025-06-26 18:57:25,2025-07-03 12:28:05,,MARCH,28,1,363,
1002,2025-06-26 18:57:25,2025-07-03 12:28:05,,PRIMERA,28,1,372,
1006,2025-06-26 18:57:25,2025-07-03 12:28:05,,TIIDA,28,1,570,
1011,2025-06-26 18:57:25,2025-07-03 12:28:05,,ALMERA,28,1,353,
1014,2025-06-26 18:57:25,2025-07-03 12:28:05,,AD-WAGON,28,5,596,
1015,2025-06-26 18:57:25,2025-07-03 12:28:05,,CUBE,28,1,357,
1019,2025-06-26 18:57:25,2025-07-03 12:28:05,,PLATINA,28,1,371,
1021,2025-06-26 18:57:25,2025-07-03 12:28:05,,LATIO,28,1,690,
1023,2025-06-26 18:57:25,2025-07-03 12:28:05,,MISTRAL,28,2,365,
1025,2025-06-26 18:57:25,2025-07-03 12:28:05,,WINGROAD,28,5,581,
1042,2025-06-26 18:57:25,2025-07-03 12:28:05,,PARTNER,29,5,392,
1048,2025-06-26 18:57:25,2025-07-03 12:28:05,,407,29,1,390,
1049,2025-06-26 18:57:25,2025-07-03 12:28:05,,607,29,1,391,
1050,2025-06-26 18:57:25,2025-07-03 12:28:05,,307,29,1,388,
1062,2025-06-26 18:57:25,2025-07-03 12:28:05,,405,29,1,389,
1064,2025-06-26 18:57:25,2025-07-03 12:28:05,,PANAMERA,30,1,405,
1065,2025-06-26 18:57:25,2025-07-03 12:28:05,,CARRERA,30,1,402,
1066,2025-06-26 18:57:25,2025-07-03 12:28:05,,CAYMAN,30,1,404,
1067,2025-06-26 18:57:25,2025-07-03 12:28:05,,CAYENNE,30,2,403,
1068,2025-06-26 18:57:25,2025-07-03 12:28:05,,BOXSTER,30,1,401,
1070,2025-06-26 18:57:25,2025-07-03 12:28:05,,911,30,1,400,
1075,2025-06-26 18:57:25,2025-07-03 12:28:05,,KOLEO,31,2,410,
1076,2025-06-26 18:57:25,2025-07-03 12:28:05,,MÉGANE,31,1,413,
1081,2025-06-26 18:57:25,2025-07-03 12:28:05,,KANGOO,31,5,409,
1087,2025-06-26 18:57:25,2025-07-03 12:28:05,,LOGAN,31,1,412,
1090,2025-06-26 18:57:25,2025-07-03 12:28:05,,SCENIC,31,6,414,
1092,2025-06-26 18:57:25,2025-07-03 12:28:05,,CLIO,31,1,408,
1098,2025-06-26 18:57:25,2025-07-03 12:28:05,,FORESTER,32,2,430,
1099,2025-06-26 18:57:25,2025-07-03 12:28:05,,OUTBACK,32,2,433,
1100,2025-06-26 18:57:25,2025-07-03 12:28:05,,LEGACY,32,1,432,
1102,2025-06-26 18:57:25,2025-07-03 12:28:05,,TRIBECA,32,2,434,
1103,2025-06-26 18:57:25,2025-07-03 12:28:05,,XV,32,2,435,
1104,2025-06-26 18:57:25,2025-07-03 12:28:05,,IMPREZA,32,1,431,
1107,2025-06-26 18:57:25,2025-07-03 12:28:05,,SAMBAR,32,5,679,
1112,2025-06-26 18:57:25,2025-07-03 12:28:05,,APV,33,10,437,
1115,2025-06-26 18:57:25,2025-07-03 12:28:05,,EQUATOR,33,4,440,
1116,2025-06-26 18:57:25,2025-07-03 12:28:05,,SWIFT,33,1,550,
1117,2025-06-26 18:57:25,2025-07-03 12:28:05,,SX 4,33,2,450,
1118,2025-06-26 18:57:25,2025-07-03 12:28:05,,JIMNY,33,2,445,
1119,2025-06-26 18:57:25,2025-07-03 12:28:05,,CIAZ,33,1,638,
1121,2025-06-26 18:57:25,2025-07-03 12:28:05,,AERIO,33,1,436,
1123,2025-06-26 18:57:25,2025-07-03 12:28:05,,CELERIO,33,1,439,
1125,2025-06-26 18:57:25,2025-07-03 12:28:05,,XL7,33,2,453,
1128,2025-06-26 18:57:25,2025-07-03 12:28:05,,ESCUDO,33,2,441,
1129,2025-06-26 18:57:25,2025-07-03 12:28:05,,SPLASH,33,1,593,
1131,2025-06-26 18:57:25,2025-07-03 12:28:05,,SAMURAI,33,2,447,
1133,2025-06-26 18:57:25,2025-07-03 12:28:05,,EVERY,33,5,594,
1134,2025-06-26 18:57:25,2025-07-03 12:28:05,,FORENZA,33,1,443,
1136,2025-06-26 18:57:25,2025-07-03 12:28:05,,SIDEKICK,33,2,448,
1138,2025-06-26 18:57:25,2025-07-03 12:28:05,,ALTO,33,1,572,
1139,2025-06-26 18:57:25,2025-07-03 12:28:05,,RENO,33,1,446,
1146,2025-06-26 18:57:25,2025-07-03 12:28:05,,LAND CRUISER,34,2,471,
1147,2025-06-26 18:57:25,2025-07-03 12:28:05,,SEQUOIA,34,2,482,
1150,2025-06-26 18:57:25,2025-07-03 12:28:05,,LAND CRUISER PRADO,34,2,472,
1151,2025-06-26 18:57:25,2025-07-03 12:28:05,,SIENNA,34,6,483,
1153,2025-06-26 18:57:25,2025-07-03 12:28:05,,4 RUNNER ,34,2,455,
1154,2025-06-26 18:57:25,2025-07-03 12:28:05,,TACOMA,34,4,487,
1155,2025-06-26 18:57:25,2025-07-03 12:28:05,,HIGHLANDER,34,2,469,
1156,2025-06-26 18:57:25,2025-07-03 12:28:05,,HIACE,34,10,468,
1157,2025-06-26 18:57:25,2025-07-03 12:28:05,,FORTUNER,34,2,467,
1158,2025-06-26 18:57:25,2025-07-03 12:28:05,,HILUX,34,4,470,
1159,2025-06-26 18:57:25,2025-07-03 12:28:05,,CAMRY,34,1,460,
1160,2025-06-26 18:57:25,2025-07-03 12:28:05,,ALTEZZA,34,1,456,
1161,2025-06-26 18:57:25,2025-07-03 12:28:05,,RAV4,34,2,480,
1164,2025-06-26 18:57:25,2025-07-03 12:28:05,,FJ CRUISER,34,2,466,
1167,2025-06-26 18:57:25,2025-07-03 12:28:05,,VENZA,34,2,490,
1169,2025-06-26 18:57:25,2025-07-03 12:28:05,,COROLLA,34,1,462,
1170,2025-06-26 18:57:25,2025-07-03 12:28:05,,PREVIA,34,6,477,
1173,2025-06-26 18:57:25,2025-07-03 12:28:05,,YARIS,34,1,492,
1174,2025-06-26 18:57:25,2025-07-03 12:28:05,,MATRIX,34,1,473,
1175,2025-06-26 18:57:25,2025-07-03 12:28:05,,PRIUS,34,1,478,
1176,2025-06-26 18:57:25,2025-07-03 12:28:05,,AVENSIS,34,1,457,
1177,2025-06-26 18:57:25,2025-07-03 12:28:05,,CELICA,34,1,461,
1178,2025-06-26 18:57:25,2025-07-03 12:28:05,,VITZ JAPONES,34,1,568,
1188,2025-06-26 18:57:25,2025-07-03 12:28:05,,SCION,34,1,481,
1190,2025-06-26 18:57:25,2025-07-03 12:28:05,,BELTA,34,1,579,
1194,2025-06-26 18:57:25,2025-07-03 12:28:05,,PROBOX,34,5,479,
1198,2025-06-26 18:57:25,2025-07-03 12:28:05,,STARLET,34,1,485,
1202,2025-06-26 18:57:25,2025-07-03 12:28:05,,PICK-UP,34,4,475,
1204,2025-06-26 18:57:25,2025-07-03 12:28:05,,CORONA,34,1,463,
1207,2025-06-26 18:57:25,2025-07-03 12:28:05,,PLATZ,34,1,476,
1209,2025-06-26 18:57:25,2025-07-03 12:28:05,,DUET,34,1,465,
1227,2025-06-26 18:57:25,2025-07-03 12:28:05,,TOUAREG,35,2,511,
1229,2025-06-26 18:57:25,2025-07-03 12:28:05,,AMAROK,35,4,493,
1234,2025-06-26 18:57:25,2025-07-03 12:28:05,,GTI,35,1,503,
1236,2025-06-26 18:57:25,2025-07-03 12:28:05,,GOLF,35,1,502,
1237,2025-06-26 18:57:25,2025-07-03 12:28:05,,PASSAT,35,1,505,
1238,2025-06-26 18:57:25,2025-07-03 12:28:05,,TRANSPORTER,35,10,512,
1239,2025-06-26 18:57:25,2025-07-03 12:28:05,,TIGUAN,35,2,510,
1240,2025-06-26 18:57:25,2025-07-03 12:28:05,,CC,35,1,589,
1242,2025-06-26 18:57:25,2025-07-03 12:28:05,,BEETLE,35,1,494,
1243,2025-06-26 18:57:25,2025-07-03 12:28:05,,JETTA,35,1,504,
1244,2025-06-26 18:57:25,2025-07-03 12:28:05,,BORA,35,1,495,
1246,2025-06-26 18:57:25,2025-07-03 12:28:06,,CROSSFOX,35,2,497,
1247,2025-06-26 18:57:25,2025-07-03 12:28:06,,EOS,35,1,498,
1250,2025-06-26 18:57:25,2025-07-03 12:28:06,,FOX,35,1,500,
1252,2025-06-26 18:57:25,2025-07-03 12:28:06,,GOL,35,1,502,
1254,2025-06-26 18:57:25,2025-07-03 12:28:06,,POLO,35,1,506,
1256,2025-06-26 18:57:25,2025-07-03 12:28:06,,ROUTAN,35,6,508,
1260,2025-06-26 18:57:25,2025-07-03 12:28:06,,ESCARABAJO,35,1,499,
1263,2025-06-26 18:57:25,2025-07-03 12:28:06,,SAVEIRO,35,4,509,
1264,2025-06-26 18:57:25,2025-07-03 12:28:06,,RABBIT,35,1,507,
1265,2025-06-26 18:57:25,2025-07-03 12:28:06,,CABRIO,35,1,496,
1268,2025-06-26 18:57:33,2025-07-03 12:28:06,,XC90,36,2,520,
1273,2025-06-26 18:57:33,2025-07-03 12:28:06,,XC 60,36,2,518,
1277,2025-06-26 18:57:33,2025-07-03 12:28:06,,S 60,36,1,515,
1278,2025-06-26 18:57:33,2025-07-03 12:28:06,,S 80,36,1,516,
1279,2025-06-26 18:57:33,2025-07-03 12:28:06,,V 40,36,1,517,
1286,2025-06-26 18:57:33,2025-07-03 12:28:06,,C 30,36,1,513,
1287,2025-06-26 18:57:33,2025-07-03 12:28:06,,S 40,36,1,514,
1482,2025-06-26 18:57:33,2025-07-03 12:28:06,,RUBICON,19,2,235,
1483,2025-06-26 18:57:33,2025-07-03 12:28:06,,SAHARA,19,2,236,
1484,2025-06-26 18:57:33,2025-07-03 12:28:06,,WILLYS,19,2,237,
1485,2025-07-03 12:28:06,2025-07-03 12:28:06,,SOUL EV - ELECTRICO,20,1,256,
1486,2025-07-03 12:28:06,2025-07-03 12:28:06,,K-7 COREANO,20,1,247,
1487,2025-07-03 12:28:06,2025-07-03 12:28:06,,RIO HACHBACK,20,1,681,
1488,2025-07-03 12:28:06,2025-07-03 12:28:06,,MORNING COREANO,20,1,680,
1489,2025-07-03 12:28:06,2025-07-03 12:28:06,,BONGO III,20,1,625,
1490,2025-06-26 18:57:33,2025-07-03 12:28:06,,ES,22,1,260,
1491,2025-06-26 18:57:33,2025-07-03 12:28:06,,GS,22,1,261,
1492,2025-06-26 18:57:33,2025-07-03 12:28:06,,GX,22,2,262,
1493,2025-06-26 18:57:33,2025-07-03 12:28:06,,IS,22,1,263,
1494,2025-06-26 18:57:33,2025-07-03 12:28:06,,LS,22,1,265,
1495,2025-06-26 18:57:33,2025-07-03 12:28:06,,LS-350,22,1,597,
1496,2025-06-26 18:57:33,2025-07-03 12:28:06,,LX,22,2,266,
1497,2025-06-26 18:57:33,2025-07-03 12:28:06,,RX,22,2,267,
1498,2025-06-26 18:57:33,2025-07-03 12:28:06,,LS,23,1,271,
1499,2025-06-26 18:57:33,2025-07-03 12:28:06,,8 RX,24,1,283,
1500,2025-06-26 18:57:33,2025-07-03 12:28:06,,CAROL,24,1,682,
1501,2025-06-26 18:57:33,2025-07-03 12:28:06,,C300 LUXURT,25,1,701,
1502,2025-06-26 18:57:33,2025-07-03 12:28:06,,GLC-250 4MATIC COUPE 4WD,25,2,632,
1503,2025-06-26 18:57:33,2025-07-03 12:28:06,,300 CE,25,1,297,
1504,2025-06-26 18:57:33,2025-07-03 12:28:06,,CLASE A,25,1,298,
1505,2025-06-26 18:57:33,2025-07-03 12:28:06,,CLASE B,25,1,299,
1506,2025-06-26 18:57:33,2025-07-03 12:28:06,,CLASE CLS,25,1,304,
1507,2025-06-26 18:57:33,2025-07-03 12:28:06,,CLASE E,25,1,305,
1508,2025-06-26 18:57:33,2025-07-03 12:28:06,,CLASE G,25,2,306,
1509,2025-06-26 18:57:33,2025-07-03 12:28:06,,CLASE GLK,25,2,308,
1510,2025-06-26 18:57:33,2025-07-03 12:28:06,,CLASE ML,25,2,309,
1511,2025-06-26 18:57:33,2025-07-03 12:28:06,,CLASE R,25,6,310,
1512,2025-06-26 18:57:33,2025-07-03 12:28:06,,CLASE SL,25,1,312,
1513,2025-06-26 18:57:33,2025-07-03 12:28:06,,CLASE SLK,25,1,313,
1514,2025-06-26 18:57:33,2025-07-03 12:28:06,,GLA 200,25,2,706,
1515,2025-06-26 18:57:33,2025-07-03 12:28:06,,GLE 53 AMG,25,2,696,
1516,2025-06-26 18:57:33,2025-07-03 12:28:06,,MARCOPOLO,25,7,652,
1517,2025-06-26 18:57:33,2025-07-03 12:28:06,,SE,25,1,314,
1518,2025-06-26 18:57:33,2025-07-03 12:28:06,,COOPER COUNTRYMAN,26,2,677,
1519,2025-06-26 18:57:33,2025-07-03 12:28:06,,COOPER SU31,26,1,738,
1520,2025-06-26 18:57:33,2025-07-03 12:28:06,,GT,27,1,337,
1521,2025-06-26 18:57:33,2025-07-03 12:28:06,,EVOLUTION,27,1,334,
1522,2025-06-26 18:57:33,2025-07-03 12:28:06,,MIRAGE JAPONES,27,1,601,
1523,2025-06-26 18:57:33,2025-07-03 12:28:06,,CARAVAN JAPONES,28,10,356,
1524,2025-06-26 18:57:33,2025-07-03 12:28:06,,TIIDA JAPONES,28,1,571,
1525,2025-06-26 18:57:33,2025-07-03 12:28:06,,AD EXPERT,28,5,634,
1526,2025-06-26 18:57:33,2025-07-03 12:28:06,,AD-VAN,28,5,352,
1527,2025-06-26 18:57:33,2025-07-03 12:28:06,,LEAF - ELÉCTRICO,28,1,717,
1528,2025-06-26 18:57:33,2025-07-03 12:28:06,,NV 200 VANETTE JAPONES,28,10,692,
1529,2025-06-26 18:57:33,2025-07-03 12:28:06,,NV-350 CARAVAN JAPONES,28,10,700,
1530,2025-06-26 18:57:33,2025-07-03 12:28:06,,REGULUS,28,2,375,
1531,2025-06-26 18:57:33,2025-07-03 12:28:06,,ROUGUE,28,2,678,
1532,2025-06-26 18:57:33,2025-07-03 12:28:06,,VANETTE JAPONES,28,10,685,
1533,2025-06-26 18:57:33,2025-07-03 12:28:06,,VERSA NOTE,28,1,595,
1534,2025-06-26 18:57:33,2025-07-03 12:28:06,,VERSA NOTE JAPONES,28,1,684,
1535,2025-06-26 18:57:33,2025-07-03 12:28:06,,508 ALLURE,29,1,636,
1536,2025-06-26 18:57:33,2025-07-03 12:28:06,,RCZ,29,1,393,
1537,2025-06-26 18:57:33,2025-07-03 12:28:06,,TARGA,30,1,406,
1538,2025-06-26 18:57:33,2025-07-03 12:28:06,,TAYCAN,30,1,728,
1539,2025-06-26 18:57:33,2025-07-03 12:28:06,,TURBO,30,1,407,
1540,2025-06-26 18:57:33,2025-07-03 12:28:06,,KONGOO,31,5,411,
1541,2025-06-26 18:57:33,2025-07-03 12:28:06,,SWIFT JAPONES,33,1,551,
1542,2025-06-26 18:57:33,2025-07-03 12:28:06,,BERONA,33,1,438,
1543,2025-06-26 18:57:33,2025-07-03 12:28:06,,WAGON,33,5,452,
1544,2025-06-26 18:57:33,2025-07-03 12:28:06,,XL7-LIMITED,33,2,454,
1545,2025-06-26 18:57:33,2025-07-03 12:28:06,,TOWN-ACE JAPONES,34,10,687,
1546,2025-06-26 18:57:33,2025-07-03 12:28:06,,BERTA,34,1,458,
1547,2025-06-26 18:57:33,2025-07-03 12:28:06,,CAMIONETA,34,4,459,
1548,2025-06-26 18:57:33,2025-07-03 12:28:06,,CRESSIDA,34,1,464,
1549,2025-06-26 18:57:33,2025-07-03 12:28:06,,LITE ACE JAPONES,34,10,714,
1550,2025-06-26 18:57:33,2025-07-03 12:28:06,,PASSO,34,1,474,
1551,2025-06-26 18:57:33,2025-07-03 12:28:06,,PIXIS,34,1,591,
1552,2025-06-26 18:57:33,2025-07-03 12:28:06,,RACTIS,34,1,590,
1553,2025-06-26 18:57:33,2025-07-03 12:28:06,,RUSH,34,2,639,
1554,2025-06-26 18:57:33,2025-07-03 12:28:06,,SR 5,34,2,484,
1555,2025-06-26 18:57:33,2025-07-03 12:28:06,,SUPRA,34,1,486,
1556,2025-06-26 18:57:33,2025-07-03 12:28:06,,GOLF E - ELÉCTRICO,35,1,670,
1557,2025-06-26 18:57:33,2025-07-03 12:28:06,,CX 90,36,2,698,
1558,2025-06-26 18:57:33,2025-07-03 12:28:06,,XC 70 CROSS COUNTRY,36,2,519,
1559,2025-06-26 18:57:33,2025-07-03 12:28:06,,XC 40,36,2,640,
1560,2025-06-26 18:57:33,2025-07-03 12:28:06,,CONTINENTAL FLYING SUPR,3,1,25,
1561,2025-06-26 18:57:33,2025-07-03 12:28:06,,MK VI,3,1,26,
1562,2025-06-26 18:57:33,2025-07-03 12:28:06,,325 CI,4,1,672,
1563,2025-06-26 18:57:33,2025-07-03 12:28:06,,325SI,4,1,604,
1564,2025-06-26 18:57:33,2025-07-03 12:28:06,,i3 - ELÉCTRICO,4,1,665,
1565,2025-06-26 18:57:33,2025-07-03 12:28:06,,SERIE 1,4,1,27,
1566,2025-06-26 18:57:33,2025-07-03 12:28:06,,SERIE 3,4,1,28,
1567,2025-06-26 18:57:33,2025-07-03 12:28:06,,SERIE 5,4,1,29,
1568,2025-06-26 18:57:33,2025-07-03 12:28:06,,SERIE 6,4,1,30,
1569,2025-06-26 18:57:33,2025-07-03 12:28:06,,SERIE 7,4,1,31,
1570,2025-06-26 18:57:33,2025-07-03 12:28:06,,SERIE M,4,1,32,
1571,2025-06-26 18:57:33,2025-07-03 12:28:06,,SERIE X,4,2,33,
1572,2025-06-26 18:57:33,2025-07-03 12:28:06,,SERIE Z,4,1,34,
1573,2025-06-26 18:57:33,2025-07-03 12:28:06,,X5 3.0D,4,2,607,
1574,2025-06-26 18:57:33,2025-07-03 12:28:06,,X5 35IX,4,2,608,
1575,2025-06-26 18:57:33,2025-07-03 12:28:06,,CONCOURS,5,1,40,
1576,2025-06-26 18:57:33,2025-07-03 12:28:06,,XLR,5,1,44,
1577,2025-06-26 18:57:33,2025-07-03 12:28:06,,AVALANCHE,6,4,48,
1578,2025-06-26 18:57:33,2025-07-03 12:28:06,,AVEO,6,1,49,
1579,2025-06-26 18:57:33,2025-07-03 12:28:06,,AVEO,6,1,49,
1580,2025-06-26 18:57:33,2025-07-03 12:28:06,,AVEO,6,1,49,
1581,2025-06-26 18:57:33,2025-07-03 12:28:06,,AVEO,6,1,49,
1582,2025-06-26 18:57:33,2025-07-03 12:28:06,,AVEO,6,1,49,
1583,2025-06-26 18:57:33,2025-07-03 12:28:06,,BOLT - ELÉCTRICO,6,1,664,
1584,2025-06-26 18:57:33,2025-07-03 12:28:06,,CRUIZE,6,1,561,
1585,2025-06-26 18:57:33,2025-07-03 12:28:06,,CRUIZE,6,1,561,
1586,2025-06-26 18:57:33,2025-07-03 12:28:06,,CRUIZE,6,1,561,
1587,2025-06-26 18:57:33,2025-07-03 12:28:06,,CRUIZE,6,1,561,
1588,2025-06-26 18:57:33,2025-07-03 12:28:06,,EXPRESS G3500LT,6,10,699,
1589,2025-06-26 18:57:33,2025-07-03 12:28:06,,MALIBU,6,1,66,
1590,2025-06-26 18:57:33,2025-07-03 12:28:06,,N400,6,10,705,
1591,2025-06-26 18:57:33,2025-07-03 12:28:06,,S 10,6,4,69,
1592,2025-06-26 18:57:33,2025-07-03 12:28:06,,SILVERADO,6,4,70,
1593,2025-06-26 18:57:33,2025-07-03 12:28:06,,Z 71,6,4,79,
1594,2025-06-26 18:57:33,2025-07-03 12:28:06,,CAPRICE,6,1,52,
1595,2025-06-26 18:57:33,2025-07-03 12:28:06,,200,7,1,80,
1596,2025-06-26 18:57:33,2025-07-03 12:28:06,,PT CRUISE,7,1,84,
1597,2025-06-26 18:57:33,2025-07-03 12:28:06,,SEBRING,7,1,85,
1598,2025-06-26 18:57:33,2025-07-03 12:28:06,,SEBRING ,7,1,710,
1599,2025-06-26 18:57:33,2025-07-03 12:28:06,,SEBRING LX,7,1,712,
1600,2025-06-26 18:57:33,2025-07-03 12:28:06,,SRT8,7,1,86,
1603,2025-06-26 18:57:33,2025-07-03 12:28:06,,ELYSEE,8,1,582,
1604,2025-06-26 18:57:33,2025-07-03 12:28:06,,ELYSEE SALOON,8,1,671,
1605,2025-06-26 18:57:33,2025-07-03 12:28:06,,SALOON,8,1,583,
1606,2025-06-26 18:57:33,2025-07-03 12:28:06,,HIJET,9,5,686,
1607,2025-06-26 18:57:33,2025-07-03 12:28:06,,HINO,9,9,611,
1608,2025-06-26 19:00:26,2025-07-03 12:28:06,,SIRIUS,9,1,98,
1609,2025-06-26 18:53:39,2025-07-03 12:28:06,,2500,10,4,105,
1610,2025-06-26 19:00:26,2025-07-03 12:28:06,,AVENGER SXT,10,1,106,
1611,2025-06-26 19:00:26,2025-07-03 12:28:06,,CHARGER RT,10,1,673,
1612,2025-06-26 19:00:26,2025-07-03 12:28:06,,DART GT,10,1,585,
1613,2025-06-26 18:53:39,2025-07-03 12:28:06,,RAM,10,4,118,
1614,2025-06-26 19:00:26,2025-07-03 12:28:06,,500 LOUNGE,11,1,713,
1615,2025-06-26 19:00:26,2025-07-03 12:28:06,,500E - ELÉCTRICO,11,1,669,
1616,2025-06-26 19:00:26,2025-07-03 12:28:06,,500L TRAKKING,11,1,674,
1617,2025-06-26 19:00:26,2025-07-03 12:28:06,,PALIO WEEKEND TREKKING,11,1,134,
1618,2025-06-26 18:53:39,2025-07-03 12:28:06,,CUSTOM,12,10,135,
1619,2025-06-26 18:53:39,2025-07-03 12:28:06,,E-150,12,10,136,
1620,2025-06-26 18:53:39,2025-07-03 12:28:06,,E-250,12,10,137,
1621,2025-06-26 18:53:39,2025-07-03 12:28:06,,E350,12,10,138,
1622,2025-06-26 18:53:39,2025-07-03 12:28:06,,E-350,12,10,139,
1623,2025-06-26 18:53:39,2025-07-03 12:28:06,,ECO SPORT,12,2,140,
1624,2025-06-26 18:53:39,2025-07-03 12:28:06,,ECONOLINE,12,10,141,
1625,2025-06-26 18:53:39,2025-07-03 12:28:06,,EXCURSION,12,2,145,
1626,2025-06-26 19:00:26,2025-07-03 12:28:06,,FESTIVA,12,1,152,
1627,2025-06-26 19:00:26,2025-07-03 12:28:06,,FIESTA,12,1,586,
1628,2025-06-26 19:00:26,2025-07-03 12:28:06,,FOCUS,12,1,153,
1629,2025-06-26 19:00:26,2025-07-03 12:28:06,,FOCUS EV,12,1,718,
1630,2025-06-26 19:00:26,2025-07-03 12:28:06,,FREESTART,12,1,154,
1631,2025-06-26 19:00:26,2025-07-03 12:28:06,,FREESTYLE,12,1,155,
1632,2025-06-26 19:00:26,2025-07-03 12:28:06,,FUSION,12,1,156,
1633,2025-06-26 18:53:39,2025-07-03 12:28:06,,WINDSTAR,12,6,161,
1634,2025-06-26 18:53:39,2025-07-03 12:28:06,,DENALI,13,2,163,
1635,2025-06-26 18:53:39,2025-07-03 12:28:06,,ENVOY,13,2,164,
1636,2025-06-26 18:53:39,2025-07-03 12:28:06,,GMC,13,4,165,
1637,2025-06-26 18:53:39,2025-07-03 12:28:06,,SUBURVAN,13,2,166,
1638,2025-06-26 18:53:39,2025-07-03 12:28:06,,TERRAIN SLE,13,2,613,
1639,2025-06-26 18:53:39,2025-07-03 12:28:06,,WRANGLER,13,2,646,
1640,2025-06-26 19:00:26,2025-07-03 12:28:06,,CIVIC-ACCORD,14,1,642,
1641,2025-06-26 19:00:26,2025-07-03 12:28:06,,FIT JAPONES,14,1,548,
1642,2025-06-26 19:00:26,2025-07-03 12:28:06,,INTEGRA,14,1,176,
1643,2025-06-26 19:00:26,2025-07-03 12:28:06,,AVANTE COREANO,15,1,562,
1644,2025-06-26 19:00:26,2025-07-03 12:28:06,,ELANTRA TOURING,15,1,588,
1645,2025-06-26 18:53:39,2025-07-03 12:28:06,,GRAND STAREX,15,10,615,
1646,2025-06-26 19:00:26,2025-07-03 12:28:06,,IONIQ - ELÉCTRICO,15,1,666,
1647,2025-06-26 19:00:26,2025-07-03 12:28:06,,SONATA LF,15,1,569,
1648,2025-06-26 19:00:26,2025-07-03 12:28:06,,SONATA N20,15,1,683,
1649,2025-06-26 19:00:26,2025-07-03 12:28:06,,SONATA N20 COREANO,15,1,545,
1650,2025-06-26 19:00:26,2025-07-03 12:28:06,,SONATA SE,15,1,709,
1651,2025-06-26 19:00:26,2025-07-03 12:28:06,,SONATA Y20 COREANO,15,1,564,
1652,2025-06-26 19:00:26,2025-07-03 12:28:06,,SONATA YF,15,1,620,
1653,2025-06-26 19:02:14,2025-07-03 12:28:06,,UNIVERSE SPACE,15,7,621,
1654,2025-06-26 19:00:26,2025-07-03 12:28:06,,J-30,16,1,214,
1655,2025-06-26 18:53:39,2025-07-03 12:28:06,,CAMIONETA,17,4,218,
1656,2025-06-26 19:02:14,2025-07-03 12:28:06,,QKR55,17,9,624,
1657,2025-06-26 19:00:26,2025-07-03 12:28:06,,XKR-R,18,1,228,
2738,2025-06-26 18:53:39,2025-07-03 12:28:06,,Q7,2,2,19,
2739,2025-06-26 19:00:26,2025-07-03 12:28:06,,A8,2,1,16,
2740,2025-06-26 19:00:26,2025-07-03 12:28:06,,R8,2,1,20,
2741,2025-06-26 19:00:26,2025-07-03 12:28:06,,A7,2,1,15,
2742,2025-06-26 19:00:26,2025-07-03 12:28:06,,A6,2,1,14,
2743,2025-06-26 19:00:26,2025-07-03 12:28:06,,S4,2,1,21,
2744,2025-06-26 18:53:39,2025-07-03 12:28:06,,Q5,2,2,18,
2745,2025-06-26 19:00:26,2025-07-03 12:28:06,,A5,2,1,13,
2746,2025-06-26 19:00:26,2025-07-03 12:28:06,,TT,2,1,22,
2747,2025-06-26 18:53:39,2025-07-03 12:28:06,,Q3,2,2,17,
2748,2025-06-26 19:00:26,2025-07-03 12:28:06,,A4,2,1,12,
2749,2025-06-26 19:00:26,2025-07-03 12:28:06,,A 1,2,1,10,
2750,2025-06-26 19:00:26,2025-07-03 12:28:06,,A3,2,1,11,
2751,2025-06-26 19:00:26,2025-07-03 12:28:06,,A22,2,1,523,
2752,2025-06-26 19:00:26,2025-07-03 12:28:06,,A23,2,1,524,
2753,2025-06-26 19:00:26,2025-07-03 12:28:06,,A24,2,1,525,
2754,2025-06-26 19:00:26,2025-07-03 12:28:06,,TTS,2,1,23,
2755,2025-06-26 18:53:39,2025-07-03 12:28:06,,VITARA,33,2,451,
2756,2025-07-03 12:28:06,2025-07-03 12:28:06,,SELTOS EX,20,1,739,
2757,2025-06-26 19:00:26,2025-07-03 12:28:06,,VITZ JAPONES,34,1,568,
2758,2025-06-26 19:00:26,2025-07-03 12:28:06,,ILX,1,1,745,
2759,2025-06-26 19:00:26,2025-07-03 12:28:06,,3 - ELÉCTRICO,85,1,667,
2760,2025-06-26 19:00:26,2025-07-03 12:28:06,,TLX,1,1,746,
2761,2025-06-26 18:53:39,2025-07-03 12:28:06,,CLIPPER,28,4,748,
2762,2025-06-26 19:00:26,2025-07-03 12:28:06,,Q50 HYBRID,16,1,749,
2763,2025-06-26 18:53:39,2025-07-03 12:28:06,,3008 GT LINE,29,2,750,
2764,2025-07-03 12:28:06,2025-07-03 12:28:06,,SONET,20,1,751,
2765,2025-06-26 18:53:39,2025-07-03 12:28:06,,GLC 63S 4MATIC,25,2,752,
2766,2025-06-26 19:00:26,2025-07-03 12:28:06,,PLEO,32,1,747,
2767,2025-06-26 19:00:26,2025-07-03 12:28:06,,Q50,16,1,756,
2768,2025-06-26 19:00:26,2025-07-03 12:28:06,,A4,2,1,12,
2769,2025-06-26 19:00:26,2025-07-03 12:28:06,,308 PREMIUN,29,1,759,
2770,2025-06-26 19:00:26,2025-07-03 12:28:06,,SONATA SE,15,1,709,
2771,2025-06-26 18:53:39,2025-07-03 12:28:06,,GLB 200,25,2,761,
2772,2025-06-26 19:00:26,2025-07-03 12:28:06,,FIGO,12,1,762,
2773,2025-07-03 12:28:06,2025-07-03 12:28:06,,SOLUTO LX,20,1,877,
2774,2025-06-26 18:53:39,2025-07-03 12:28:06,,MACAN,30,2,744,
2775,2025-06-26 19:00:26,2025-07-03 12:28:06,,CLA 180,25,1,797,
2776,2025-06-26 19:00:26,2025-07-03 12:28:06,,316I,4,1,880,
2777,2025-06-26 18:53:39,2025-07-03 12:28:06,,GL 450,25,2,881,
2778,2025-06-26 18:53:39,2025-07-03 12:28:06,,RAM 1500,10,4,882,
2779,2025-06-26 18:53:39,2025-07-03 12:28:06,,QX60,16,2,884,
2780,2025-06-26 19:00:26,2025-07-03 12:28:06,,SONATA,15,1,200,
2781,2025-06-26 18:53:39,2025-07-03 12:28:06,,DELICA,27,10,888,
2782,2025-06-26 19:00:26,2025-07-03 12:28:06,,VERNA,15,1,889,
2783,2025-06-26 19:00:26,2025-07-03 12:28:06,,AGYA,34,1,859,
2784,2025-06-26 18:53:39,2025-07-03 12:28:06,,GLS 350 D,25,2,890,
2785,2025-06-26 19:00:26,2025-07-03 12:28:06,,C3 FACELIFT,8,1,891,
2786,2025-06-26 19:00:26,2025-07-03 12:28:06,,AD,28,1,987,
2787,2025-06-26 18:53:39,2025-07-03 12:28:06,,ROUGUE,28,2,678,
2788,2025-06-26 19:00:26,2025-07-03 12:28:06,,TEANA Z50 XV,28,1,988,
2789,2025-06-26 18:53:39,2025-07-03 12:28:06,,T-CROSS,35,2,757,
2790,2025-06-26 19:00:26,2025-07-03 12:28:06,,NIVUS,35,1,997,
2791,2025-06-26 18:53:39,2025-07-03 12:28:06,,BERLINGO,8,10,88,
2792,2025-06-26 19:00:26,2025-07-03 12:28:06,,M4,4,1,1001,
2793,2025-06-26 18:53:39,2025-07-03 12:28:06,,3008 ACTIVE,29,2,1002,
2794,2025-06-26 18:53:39,2025-07-03 12:28:06,,SERENA,28,6,760,
2795,2025-06-26 18:53:39,2025-07-03 12:28:06,,VENUE,15,2,763,
2796,2025-06-26 18:53:39,2025-07-03 12:28:06,,CARRY,33,4,1004,
2797,2025-06-26 19:02:14,2025-07-03 12:28:06,,ATLAS,28,9,1006,
2798,2025-06-26 18:53:39,2025-07-03 12:28:06,,GLE 43,25,2,1007,
2799,2025-06-26 19:00:26,2025-07-03 12:28:06,,CLASE CLA 250,25,1,802,
2800,2025-06-26 18:53:39,2025-07-03 12:28:06,,GLE 63,25,2,1011,
2801,2025-06-26 18:53:39,2025-07-03 12:28:06,,GLE 63 S AMG COUPE,25,2,1012,
2802,2025-07-03 12:28:06,2025-07-03 12:28:06,,SELTOS,20,1,1115,
2803,2025-06-26 18:53:39,2025-07-03 12:28:06,,5008 ALLLURE,29,2,1013,
2804,2025-06-26 18:53:39,2025-07-03 12:28:06,,TOWN Y COUNTRY TOURING,7,6,1015,
2805,2025-06-26 19:00:26,2025-07-03 12:28:06,,SONATA LF COREANO,15,1,743,
2806,2025-06-26 18:53:39,2025-07-03 12:28:06,,GRAND SANTA FE,15,2,1017,
2807,2025-06-26 18:53:39,2025-07-03 12:28:06,,CX-30,24,2,1018,
2808,2025-06-26 18:53:39,2025-07-03 12:28:06,,RENEGADE,19,2,1019,
2809,2025-06-26 18:53:39,2025-07-03 12:28:06,,TUNDRA,34,4,489,
2810,2025-06-26 18:53:39,2025-07-03 12:28:06,,5008 ALLURE,29,2,1013,
2811,2025-06-26 18:53:39,2025-07-03 12:28:06,,C MAX,12,6,1022,
2812,2025-06-26 18:53:39,2025-07-03 12:28:06,,Y - ELÉCTRICO,85,2,727,
2813,2025-06-26 18:53:39,2025-07-03 12:28:06,,GLE 43,25,2,1007,
2814,2025-06-26 18:53:39,2025-07-03 12:28:06,,CAPTIVA LT,6,2,1024,
2815,2025-06-26 18:53:39,2025-07-03 12:28:06,,QX50,16,2,1025,
2816,2025-06-26 18:53:39,2025-07-03 12:28:06,,SIERRA,13,4,1026,
2817,2025-06-26 18:53:39,2025-07-03 12:28:06,,I-20 ACTIVE CROSS,15,2,1027,
2818,2025-07-03 12:28:06,2025-07-03 12:28:06,,REXTON,88,1,429,
2819,2025-06-26 19:02:14,2025-07-03 12:28:06,,DUTRO,90,9,1043,
2820,2025-06-26 18:54:21,2025-07-03 12:28:06,,GRAND VITARA,33,2,444,
2821,2025-06-26 18:54:21,2025-07-03 12:28:06,,NX 200 T,22,2,843,
2822,2025-06-26 18:54:21,2025-07-03 12:28:06,,GL-350 CDI,25,2,1066,
2823,2025-06-26 18:54:21,2025-07-03 12:28:06,,2008 ACTIVE,29,2,1009,
2824,2025-06-26 18:54:21,2025-07-03 12:28:06,,SX 4,33,1,450,
2825,2025-06-26 18:54:21,2025-07-03 12:28:06,,C-HR,34,2,1067,
2826,2025-06-26 18:54:21,2025-07-03 12:28:06,,GLC 300,25,2,1074,
2827,2025-06-26 18:54:21,2025-07-03 12:28:06,,DUSTER,31,2,1075,
2828,2025-07-03 12:28:06,2025-07-03 12:28:06,,CS55 23OT ELITE,91,1,1077,
2829,2025-06-26 18:54:21,2025-07-03 12:28:06,,AQUA,34,1,758,
2830,2025-06-26 18:54:21,2025-07-03 12:28:06,,CLA 200,25,1,799,
2831,2025-06-26 18:54:21,2025-07-03 12:28:06,,SONATA NEW RISE LPG,15,1,1084,
2832,2025-06-26 18:54:21,2025-07-03 12:28:06,,HIJET JAPONES,9,10,686,
2833,2025-06-26 18:54:21,2025-07-03 12:28:06,,TERAMONT,35,2,1086,
2834,2025-06-26 18:54:21,2025-07-03 12:28:06,,CIVIC-HIBRIDO,14,1,1087,
2835,2025-06-26 18:54:21,2025-07-03 12:28:06,,GLE-43 AMG COUPE,25,2,1088,
2836,2025-06-26 18:54:21,2025-07-03 12:28:06,,GLC 250 4MATIC,25,2,1090,
2837,2025-06-26 18:54:21,2025-07-03 12:28:06,,CLASE CLA,25,1,302,
2838,2025-06-26 18:54:21,2025-07-03 12:28:06,,TRACKER PREMIER,6,2,1093,
2839,2025-06-26 18:54:21,2025-07-03 12:28:06,,E 2008 - ELECTRICO,29,2,1094,
2840,2025-06-26 18:54:21,2025-07-03 12:28:06,,GLS,25,2,836,
2841,2025-06-26 18:54:21,2025-07-03 12:28:06,,NX,22,2,840,
2842,2025-06-26 18:54:21,2025-07-03 12:28:06,,DZIRE GLX,33,1,1097,
2843,2025-06-26 18:54:21,2025-07-03 12:28:06,,KONA ELECTRICO,15,2,1108,
2844,2025-06-26 18:54:21,2025-07-03 12:28:06,,I20,15,1,1111,
2845,2025-06-26 18:54:21,2025-07-03 12:28:06,,GLE 450,25,2,1112,
2846,2025-06-26 18:54:21,2025-07-03 12:28:06,,FRISON T8,92,4,1118,
2847,2025-06-26 18:54:21,2025-07-03 12:28:06,,LEÓN,93,1,420,
2848,2025-06-26 18:54:21,2025-07-03 12:28:06,,GLA 250 4WD,25,2,1117,
2849,2025-06-26 18:54:21,2025-07-03 12:28:06,,GLA 250,25,2,1100,
2850,2025-06-26 18:54:21,2025-07-03 12:28:06,,JS3,92,1,1116,
2852,2025-06-26 18:54:21,2025-07-03 12:28:06,,IQ,94,1,1119,
2853,2025-06-26 18:54:21,2025-07-03 12:28:06,,COROLLA CROSS HIBRIDO,34,2,1120,
2854,2025-06-26 18:54:21,2025-07-03 12:28:06,,CAPTIVA PREMIER,6,2,1121,
2855,2025-06-26 18:54:21,2025-07-03 12:28:06,,SONATA AMERICANO,15,1,887,
2856,2025-06-26 18:54:21,2025-07-03 12:28:06,,IMPALA,6,1,65,
2857,2025-06-26 18:54:21,2025-07-03 12:28:06,,GLE,25,2,828,
2858,2025-06-26 18:54:21,2025-07-03 12:28:06,,NV-350 CARAVAN JAPONES,28,10,700,
2859,2025-06-26 18:54:21,2025-07-03 12:28:06,,ORLANDO,6,6,1123,
2860,2025-06-26 18:54:21,2025-07-03 12:28:06,,RAIZE,34,2,1124,
2861,2025-06-26 18:54:21,2025-07-03 12:28:06,,500X TREKKING,11,2,1125,
2862,2025-06-26 18:54:21,2025-07-03 12:28:06,,INSIGHT,14,1,1127,
2863,2025-06-26 18:54:21,2025-07-03 12:28:06,,GLE 350,25,2,1130,
2864,2025-06-26 18:54:21,2025-07-03 12:28:06,,STARIA,15,6,1131,
2865,2025-06-26 18:54:21,2025-07-03 12:28:06,,QX55,16,2,1132,
2866,2025-06-26 18:54:21,2025-07-03 12:28:06,,CANYON,13,4,165,
2867,2025-07-03 12:28:06,2025-07-03 12:28:06,,K-7 COREANO,20,1,247,
2868,2025-06-26 18:54:21,2025-07-03 12:28:06,,SERIE 4- 420I GRAN COUPE,4,1,1134,
2869,2025-06-26 18:54:21,2025-07-03 12:28:06,,SHUTTLE,14,1,1135,
2870,2025-06-26 18:54:21,2025-07-03 12:28:06,,NV 200 VANETTE,28,10,1137,
2871,2025-06-26 18:54:21,2025-07-03 12:28:06,,GLADIATOR,19,4,1136,
2872,2025-06-26 18:54:21,2025-07-03 12:28:06,,IBIZA,93,1,419,
2873,2025-06-26 18:54:21,2025-07-03 12:28:06,,H3,96,2,185,
2874,2025-06-26 18:54:21,2025-07-03 12:28:06,,GRANDE PUNTO,11,1,1138,
2875,2025-06-26 18:54:21,2025-07-03 12:28:06,,SPORT HSE,21,2,1139,
2876,2025-06-26 18:54:21,2025-07-03 12:28:06,,I3 REX,4,1,1140,
2877,2025-06-26 18:54:21,2025-07-03 12:28:06,,SOLTICE,97,1,1141,
2878,2025-06-26 18:54:21,2025-07-03 12:28:06,,RANGER 4X4,12,4,1145,
2879,2025-06-26 18:54:21,2025-07-03 12:28:06,,C4 CACTUS,8,1,1148,
2880,2025-06-26 18:54:21,2025-07-03 12:28:06,,SUV 2008,29,2,1149,
2881,2025-06-26 18:54:21,2025-07-03 12:28:06,,EV S400,98,1,1150,
2882,2025-06-26 18:54:21,2025-07-03 12:28:06,,S3,2,1,1065,
2883,2025-06-26 18:54:21,2025-07-03 12:28:06,,GLE 400,25,2,1154,
2884,2025-06-26 18:54:21,2025-07-03 12:28:06,,CLASE GL,25,2,307,
2885,2025-06-26 18:54:21,2025-07-03 12:28:06,,DOKKER,31,10,1158,
2886,2025-06-26 18:54:21,2025-07-03 12:28:06,,ELF,17,9,1147,
2887,2025-06-26 18:54:21,2025-07-03 12:28:06,,Q8,2,2,1159,
2888,2025-06-26 18:54:21,2025-07-03 12:28:06,,VANETTE,28,10,384,
2889,2025-06-26 18:54:21,2025-07-03 12:28:06,,ML,25,2,1160,
2890,2025-06-26 18:54:21,2025-07-03 12:28:06,,COOPER S,26,1,1041,
2891,2025-07-03 12:28:06,2025-07-03 12:28:06,,KORANDO,88,1,426,
2892,2025-06-26 18:54:21,2025-07-03 12:28:06,,ZS EV - ELECTRICO,95,2,984,
2893,2025-07-03 12:28:06,2025-07-03 12:28:06,,STAR 5 VAN CARGO,91,1,1016,
2894,2025-06-26 18:54:21,2025-07-03 12:28:06,,S6,2,1,1171,
2895,2025-06-26 18:54:21,2025-07-03 12:28:06,,TAOS,35,2,1177,
2896,2025-07-03 12:28:06,2025-07-03 12:28:06,,CS35 ELITE,91,1,1175,
2897,2025-06-26 18:54:21,2025-07-03 12:28:06,,CS75,102,2,1181,
2898,2025-06-26 18:54:21,2025-07-03 12:28:06,,X1,4,2,1178,
2899,2025-07-03 12:28:06,2025-07-03 12:28:06,,CS55 PLUS,91,1,1021,
2900,2025-06-26 18:54:21,2025-07-03 12:28:06,,V3,101,1,1182,
2901,2025-06-26 18:54:21,2025-07-03 12:28:06,,C3,8,1,1078,
2902,2025-06-26 18:54:21,2025-07-03 12:28:06,,X CLASS 250D,25,4,1183,
2903,2025-06-26 18:54:21,2025-07-03 12:28:06,,KONA,15,2,2183,
2904,2025-06-26 18:54:21,2025-07-03 12:28:06,,GIULIETTA TCT,104,1,2185,
2905,2025-06-26 18:54:21,2025-07-03 12:28:06,,ZX,95,1,1169,
2906,2025-06-26 18:54:21,2025-07-03 12:28:06,,SCRUM,24,10,2187,
2907,2025-06-26 18:54:21,2025-07-03 12:28:06,,L200,27,4,338,
2908,2025-07-03 12:28:06,2025-07-03 12:28:06,,CS35 PLUS,91,1,1175,
2909,2025-06-26 18:54:21,2025-07-03 12:28:06,,S90,36,1,829,
2910,2025-07-03 12:28:06,2025-07-03 12:28:06,,UNI-T,91,1,1133,
2911,2025-06-26 18:54:21,2025-07-03 12:28:06,,M-NV FULL,14,10,2188,
2912,2025-06-26 18:54:21,2025-07-03 12:28:06,,GROOVE,6,1,1170,
2914,2025-06-26 18:54:21,2025-07-03 12:28:06,,COROLLA CROSS,34,2,1095,
2915,2025-06-26 18:54:21,2025-07-03 12:28:06,,PALISADE,15,2,2189,
2916,2025-06-26 18:54:21,2025-07-03 12:28:06,,TERRITORY,12,2,2190,
2918,2025-06-26 18:54:21,2025-07-03 12:28:06,,DS5,8,1,2193,
2919,2025-06-26 18:54:21,2025-07-03 12:28:06,,LAFESTA,28,6,2191,
2920,2025-06-26 18:54:21,2025-07-03 12:28:06,,JS8,92,2,2194,
2921,2025-06-26 18:54:21,2025-07-03 12:28:06,,HFC3086K,92,9,2196,
2922,2025-06-26 18:54:21,2025-07-03 12:28:06,,MG5,95,1,2197,
2923,2025-06-26 18:54:21,2025-07-03 12:28:06,,NX 200 T 4WD,22,2,843,
2924,2025-07-03 12:28:06,2025-07-03 12:28:06,,CS75,91,1,2199,
2925,2025-06-26 18:54:21,2025-07-03 12:28:06,,550I,4,1,2198,
2926,2025-07-03 12:28:06,2025-07-03 12:28:06,,CS-15,91,1,2200,
2927,2025-06-26 18:54:21,2025-07-03 12:28:06,,JUMPER,8,10,2201,
2928,2025-06-26 18:54:21,2025-07-03 12:28:06,,T33,106,2,1151,
2929,2025-06-26 18:54:21,2025-07-03 12:28:06,,1500,109,4,1146,
2930,2025-06-26 18:54:21,2025-07-03 12:28:06,,MOVE,9,1,2203,
2931,2025-07-03 12:28:06,2025-07-03 12:28:06,,GO01 - ELÉCTRICO,111,1,733,
2932,2025-07-03 12:28:06,2025-07-03 12:28:06,,CS55 ELITE,91,1,2206,
2933,2025-07-03 12:28:06,2025-07-03 12:28:06,,UNI-K,91,1,2208,
2935,2025-07-03 12:28:06,2025-07-03 12:28:06,,X70,112,1,2202,
2936,2025-06-26 18:54:21,2025-07-03 12:28:06,,PULSE,11,1,2210,
2937,2025-06-26 18:54:21,2025-07-03 12:28:06,,RC,22,1,2213,
2938,2025-06-26 18:54:21,2025-07-03 12:28:06,,T60,113,4,2214,
2939,2025-06-26 18:54:21,2025-07-03 12:28:06,,Y,85,2,985,
2940,2025-06-26 18:54:21,2025-07-03 12:28:06,,ID.3,35,1,2215,
2941,2025-06-26 18:54:21,2025-07-03 12:28:06,,LABO,6,10,2216,
2942,2025-06-26 18:54:21,2025-07-03 12:28:06,,ENS1,14,2,2217,
2943,2025-06-26 18:54:21,2025-07-03 12:28:06,,CX-60,24,2,2218,
2944,2025-06-26 18:54:21,2025-07-03 12:28:06,,CARAVAN,28,10,356,
2945,2025-07-03 12:28:06,2025-07-03 12:28:06,,DASHING PLUS,112,1,2220,
2946,2025-07-03 12:28:06,2025-07-03 12:28:06,,DASHING,112,1,2221,
2947,2025-06-26 18:54:21,2025-07-03 12:28:06,,AX7,99,2,1157,
2948,2025-06-26 18:54:21,2025-07-03 12:28:06,,PROMASTER CITY TRADESMAN,109,10,1092,
2949,2025-07-03 12:28:06,2025-07-03 12:28:06,,X30S CARGO VAN,118,1,1010,
2950,2025-07-03 12:28:06,2025-07-03 12:28:06,,ENCORE,117,1,2227,
2951,2025-07-03 12:28:06,2025-07-03 12:28:06,,SOLUTO,20,1,877,
2952,2025-06-26 18:54:21,2025-07-03 12:28:06,,MKC,23,2,2228,
2953,2025-06-26 18:54:21,2025-07-03 12:28:06,,NV 100 CLIPPER,28,10,2229,
2954,2025-06-26 18:54:21,2025-07-03 12:28:06,,MKC ECOBOOST 2WD,23,2,2228,
2955,2025-06-26 18:54:21,2025-07-03 12:28:06,,LX 600,22,2,846,
2956,2025-07-03 12:28:06,2025-07-03 12:28:06,,AION Y,119,1,2230,
2957,2025-06-26 18:54:21,2025-07-03 12:28:06,,T5 EVO,99,4,2231,
2958,2025-06-26 18:54:21,2025-07-03 12:28:06,,GLC 250,25,2,2232,
2959,2025-06-26 18:54:21,2025-07-03 12:28:06,,CAPTUR,31,2,2233,
2961,2025-06-26 18:54:21,2025-07-03 12:28:06,,ATRAI,9,10,2234,
2962,2025-06-26 18:54:21,2025-07-03 12:28:06,,GIULIETTA,104,1,2185,
2963,2025-07-03 12:28:06,2025-07-03 12:28:06,,S6,120,1,609,
2965,2025-06-26 18:54:21,2025-07-03 12:28:06,,BOON,9,1,93,
2966,2025-06-26 18:54:21,2025-07-03 12:28:07,,GLE 350,25,2,1130,
2967,2025-06-26 18:54:21,2025-07-03 12:28:07,,FORTHING,99,2,2236,
2968,2025-07-03 12:28:07,2025-07-03 12:28:07,,CS55,91,1,2237,
2969,2025-07-03 12:28:07,2025-07-03 12:28:07,,AION,119,1,2239,
2970,2025-06-26 18:54:21,2025-07-03 12:28:07,,NV150,28,10,2240,
2971,2025-06-26 18:54:21,2025-07-03 12:28:07,,FIT-HIBRIDA,14,1,1109,
2972,2025-07-03 12:28:07,2025-07-03 12:28:07,,STONIC,20,1,2242,
2973,2025-06-26 18:54:21,2025-07-03 12:28:07,,S 580,25,1,2243,
2974,2025-06-26 18:54:21,2025-07-03 12:28:07,,LANDTREK,29,4,2226,
2975,2025-06-26 18:54:21,2025-07-03 12:28:07,,MKS,23,1,2244,
2976,2025-07-03 12:28:07,2025-07-03 12:28:07,,LEVANTE,121,1,2249,
2977,2025-06-26 18:54:21,2025-07-03 12:28:07,,ENP1,14,2,2207,
2978,2025-07-03 12:28:07,2025-07-03 12:28:07,,T5,122,1,2250,
2979,2025-06-26 18:54:21,2025-07-03 12:28:07,,L-S100,123,10,2251,
2980,2025-06-26 18:54:21,2025-07-03 12:28:07,,ZS 1.5L,95,2,2254,
2981,2025-06-26 18:54:21,2025-07-03 12:28:07,,TIGGO 8,125,2,2257,
2982,2025-06-26 18:54:21,2025-07-03 12:28:07,,GLE 53,25,2,696,
2983,2025-06-26 18:54:21,2025-07-03 12:28:07,,ZS,95,2,2258,
2984,2025-06-26 18:54:21,2025-07-03 12:28:07,,RX8 4WD,95,2,2259,
2985,2025-06-26 18:54:21,2025-07-03 12:28:07,,AVANTIER,123,10,2262,
2986,2025-06-26 18:54:21,2025-07-03 12:28:07,,NV 200,28,10,2265,
2987,2025-06-26 18:54:21,2025-07-03 12:28:07,,ID6,35,2,2266,
2988,2025-07-03 12:28:07,2025-07-03 12:28:07,,GEOMETRY,126,1,2267,
2989,2025-06-26 18:54:21,2025-07-03 12:28:07,,FRONX,33,2,2268,
2990,2025-06-26 18:54:21,2025-07-03 12:28:07,,HUGE,99,2,2269,
2991,2025-07-03 12:28:07,2025-07-03 12:28:07,,COOLRAY,126,1,2270,
2992,2025-06-26 18:54:21,2025-07-03 12:28:07,,TIGGO,125,2,2222,
2993,2025-06-26 18:54:21,2025-07-03 12:28:07,,S3,92,2,2272,
2994,2025-06-26 18:54:21,2025-07-03 12:28:07,,MODEL 3,85,1,2274,
2995,2025-06-26 18:54:21,2025-07-03 12:28:07,,GS,95,2,2276,
2996,2025-07-03 12:28:07,2025-07-03 12:28:07,,X35,127,1,2279,
2997,2025-06-26 18:54:21,2025-07-03 12:28:07,,V6,101,1,2282,
2998,2025-06-26 18:54:21,2025-07-03 12:28:07,,RX-450 SPORT HYBRID,22,2,2283,
2999,2025-07-03 12:28:07,2025-07-03 12:28:07,,EMZOOM,119,1,2284,
3000,2025-07-03 12:28:07,2025-07-03 12:28:07,,X3,128,1,2288,
3001,2025-06-26 18:54:21,2025-07-03 12:28:07,,AX8,99,2,1157,
3002,2025-06-26 18:54:21,2025-07-03 12:28:07,,ATECA XPERIENCE,93,2,2289,
3003,2025-06-26 18:54:21,2025-07-03 12:28:07,,ATECA,93,2,2289,
3004,2025-06-26 18:54:21,2025-07-03 12:28:07,,GLORY 500,99,2,1172,
3005,2025-07-03 12:28:07,2025-07-03 12:28:07,,X25,127,1,2279,
3006,2025-07-03 12:28:07,2025-07-03 12:28:07,,T2,112,1,2290,
3007,2025-06-26 18:54:21,2025-07-03 12:28:07,,535I,4,1,1059,
3008,2025-06-26 18:54:21,2025-07-03 12:28:07,,N-BOX,14,10,2291,
3010,2025-07-03 12:28:07,2025-07-03 12:28:07,,X7 PLUS,91,1,2294,
3011,2025-06-26 18:54:21,2025-07-03 12:28:07,,VERSA ADVANCE,28,1,2297,
3014,2025-06-26 18:54:21,2025-07-03 12:28:07,,LONIQ - HYBRIDO,15,1,2298,
3015,2025-07-03 12:28:07,2025-07-03 12:28:07,,GX3,126,1,2301,
3016,2025-06-26 18:54:21,2025-07-03 12:28:07,,SIENTA,34,6,2304,
3017,2025-07-03 12:28:07,2025-07-03 12:28:07,,EMKOO,119,1,2305,
3018,2025-06-26 18:54:21,2025-07-03 12:28:07,,S2,92,1,2306,
3019,2025-07-03 12:28:07,2025-07-03 12:28:07,,GS3 POWER,119,1,2308,
3020,2025-06-26 18:54:21,2025-07-03 12:28:07,,D60,113,2,2184,
3021,2025-06-26 18:54:21,2025-07-03 12:28:07,,SQ5,2,2,2309,
3022,2025-06-26 18:54:21,2025-07-03 12:28:07,,1200,109,4,2311,
3023,2025-07-03 12:28:07,2025-07-03 12:28:07,,RD6,20,1,2312,
3024,2025-07-03 12:28:07,2025-07-03 12:28:07,,RD6,129,1,2312,
3025,2025-06-26 18:54:21,2025-07-03 12:28:07,,X3,4,2,2314,
3026,2025-06-26 18:54:21,2025-07-03 12:28:07,,CROSSTREK,32,2,2316,
3027,2025-07-03 12:28:07,2025-07-03 12:28:07,,GHIBLI,121,1,2318,
3028,2025-06-26 18:54:21,2025-07-03 12:28:07,,BRV,14,2,2322,
3029,2025-06-26 18:54:21,2025-07-03 12:28:07,,ID4,35,2,2323,
3030,2025-06-26 18:54:21,2025-07-03 12:28:07,,B70 S,106,1,2324,
3031,2025-06-26 18:54:21,2025-07-03 12:28:07,,CLASS GLE,25,2,2325,
3032,2025-07-03 12:28:07,2025-07-03 12:28:07,,NIRO,20,1,2313,
3033,2025-06-26 18:54:21,2025-07-03 12:28:07,,EQ7,130,2,2328,
3034,2025-07-03 12:28:07,2025-07-03 12:28:07,,STARRAY,126,1,2329,
3035,2025-06-26 18:54:21,2025-07-03 12:28:07,,F-PACE 25T,18,2,2331,
3036,2025-07-03 12:28:07,2025-07-03 12:28:07,,K3,20,1,2334,
3037,2025-06-26 18:54:21,2025-07-03 12:28:07,,N-WGN,14,10,2335,
3038,2025-06-26 18:54:21,2025-07-03 12:28:07,,UX-250H,22,2,2280,
3039,2025-06-26 18:54:21,2025-07-03 12:28:07,,GRACE,14,1,2336,
3040,2025-07-03 12:28:07,2025-07-03 12:28:07,,DEEPAL,91,1,2339,
3041,2025-06-26 18:54:21,2025-07-03 12:28:07,,GLE COUPE,25,2,835,
3042,2025-07-03 12:28:07,2025-07-03 12:28:07,,TELLURIDE,20,1,2340,
3043,2025-06-26 18:54:21,2025-07-03 12:28:07,,SCROSS,33,2,2342,
3044,2025-06-26 18:54:21,2025-07-03 12:28:07,,530I,4,1,1059,
3045,2025-06-26 18:54:21,2025-07-03 12:28:07,,T77,106,2,2343,
3046,2025-07-03 12:28:07,2025-07-03 12:28:07,,GS8,119,1,2346,
3047,2025-07-03 12:28:07,2025-07-03 12:28:07,,CS35,91,1,2186,
3048,2025-07-03 12:28:07,2025-07-03 12:28:07,,EV5,20,1,2347,
3049,2025-06-26 18:54:21,2025-07-03 12:28:07,,GLB 250,25,2,761,
3051,2025-07-03 12:28:07,2025-07-03 12:28:07,,EV6,20,1,2348,
3052,2025-06-26 18:54:21,2025-07-03 12:28:07,,SZIRE,33,1,2350,
3053,2025-07-03 12:28:07,2025-07-03 12:28:07,,GEOME,126,1,2352,
3054,2025-06-26 18:54:21,2025-07-03 12:28:07,,REXTON,131,2,2351,
3055,2025-06-26 18:54:21,2025-07-03 12:28:07,,CLASE C 300,25,1,787,
3056,2025-07-03 12:28:07,2025-07-03 12:28:07,,K3 CROSS,20,1,2353,
3057,2025-07-03 12:28:07,2025-07-03 12:28:07,,SONGPRO EV - ELÉCTRICO,120,1,1071,
3058,2025-07-03 12:28:07,2025-07-03 12:28:07,,SHARK,120,1,2356,
3059,2025-07-03 12:28:07,2025-07-03 12:28:07,,SONG PLUS,120,1,2355,
3060,2025-07-03 12:28:07,2025-07-03 12:28:07,,DOLPHIN,120,1,2354,
3061,2025-07-03 12:28:07,2025-07-03 12:28:07,,TANG - ELÉCTRICO,120,1,729,
3062,2025-07-03 12:28:07,2025-07-03 12:28:07,,HAN EV - ELÉCTRICO,120,1,1070,
3063,2025-07-03 12:28:07,2025-07-03 12:28:07,,SEAL,120,1,2357,
3064,2025-07-03 12:28:07,2025-07-03 12:28:07,,YUAN PLUS,120,1,2330,
3065,2025-07-03 12:28:07,2025-07-03 12:28:07,,STINGER,20,1,2358,
3066,2025-06-26 18:54:21,2025-07-03 12:28:07,,T55 ENJOY,106,2,2360,
3067,2025-06-26 18:54:21,2025-07-03 12:28:07,,Q2,2,2,2361,
3068,2025-07-03 12:28:07,2025-07-03 12:28:07,,X50,112,1,2363,
3069,2025-06-26 18:54:21,2025-07-03 12:28:07,,GLC 200,25,2,2364,
3070,2025-06-26 18:54:21,2025-07-03 12:28:07,,3500,109,4,2365,
3071,2025-06-26 18:54:21,2025-07-03 12:28:07,,FRISON T6,92,4,1118,
3072,2025-06-26 18:54:21,2025-07-03 12:28:07,,X4,4,2,2366,
3073,2025-06-26 18:54:21,2025-07-03 12:28:07,,FRISON,92,4,2367,
3074,2025-07-03 12:28:07,2025-07-03 12:28:07,,T5 EVO,122,1,2337,
3075,2025-07-03 12:28:07,2025-07-03 12:28:07,,CITIRAY,126,1,2370,
3076,2025-06-26 18:54:21,2025-07-03 12:28:07,,VESEL,14,2,2371,
3077,2025-06-26 18:54:21,2025-07-03 12:28:07,,3008,29,2,3371,
3078,2025-07-03 12:28:07,2025-07-03 12:28:07,,BINGO,132,1,3373,
